{
  "log_amount": 0.06659720901353004,
  "type_enc": 0.09252915448298348,
  "oldbalanceOrg": 0.1527874433517495,
  "newbalanceOrig": 0.14985841084588825,
  "oldbalanceDest": 0.10268767530666208,
  "newbalanceDest": 0.10212829013563667,
  "diff_orig": 0.08865710481770288,
  "diff_dest": 0.05492204918522973,
  "balance_error": 0.08808934861320544,
  "orig_zeroed": 0.16967988273862686,
  "full_drain": 0.15686016514004217,
  "step": 0.13205563234260081,
  "is_fraud_type": 0.06001681536094119,
  "is_transfer": 0.1622615632762007,
  "is_cashout": 0.06866069892321454,
  "dest_is_customer": 0.052470525214358237,
  "orig_to_customer": 0.040467002915627714,
  "dest_had_zero": 0.10487473032364684,
  "dest_zeroed_after": 0.1083382912032396,
  "amount_ratio_dest": 0.14720429868478385,
  "balance_retention_orig": 0.1118688991930424,
  "balance_error_ratio": 0.09968332277671618,
  "velocity_orig": 0.0,
  "velocity_dest": 0.011638671152799568,
  "log_volume_orig": 0.08290920444546573,
  "hour_of_day": 0.08855566310199678,
  "day_of_sim": 0.1422030322632315,
  "off_hours": 0.2824834140069839
}