{
  "log_amount": 2.754383415607692,
  "type_enc": 3.0035625932344554,
  "oldbalanceOrg": 6.622161048567134,
  "newbalanceOrig": 0.40340969493034934,
  "oldbalanceDest": 5.872303249357501,
  "newbalanceDest": 27.707082726225867,
  "diff_orig": 67.04067949899387,
  "diff_dest": 6.620378099219468,
  "balance_error": 1.6042560772807455,
  "orig_zeroed": 5.83153807873257,
  "full_drain": 2.4941188654943107,
  "step": 0.5312201160574771,
  "is_fraud_type": 1.213188888946437,
  "is_transfer": 1.1552295156487962,
  "is_cashout": 5.821398565240699,
  "dest_is_customer": 3.721022038596042,
  "orig_to_customer": 4.0943081731181445,
  "dest_had_zero": 0.5398871249747462,
  "dest_zeroed_after": 0.952045593916816,
  "amount_ratio_dest": 1.059187687234109,
  "balance_retention_orig": 1.8424751567718194,
  "balance_error_ratio": 5.100695669669687,
  "velocity_orig": 0.0,
  "velocity_dest": 0.04437253212928772,
  "log_volume_orig": 2.0967205465485312,
  "hour_of_day": 0.5581332298387424,
  "day_of_sim": 0.716865167901,
  "off_hours": 0.5548675057231576
}